",CollectionDate,Sample,Gross Weight,Net Weight,Sanity Height,Dry%,Brix1,Brix2,Brix3,Brix4,Nitro1,Nitro2,Nitro3,Nitro4,Nitro5,Nitro6,pre_Lidar,post_Lidar,diff_Lidar,SanityHeight,Biomass,JAIRGB,JAIir,GPSlong,GPSlat,ATemp,CTemp"
"0,20190515,2000,925,902,22.6,27.1,7.7,3.3,2.5,4.7,,,,,,,103.114065598,112.903970382,9.789904784,22.6,36080.0,15.991,77.205,53.19178583333333,-6.986538833333333,29.144,20.947"
"1,20190515,2001,981,958,23.8,37.9,4.4,4.2,4.8,4.0,,,,,,,104.747661934,104.747661934,0.0,23.8,38320.0,16.707,69.64,53.19195316666666,-6.9865715,22.292,20.146"
"2,20190515,2003,804,781,23.5,31.9,3.2,3.5,2.2,2.5,,,,,,,104.747661934,116.975116032,12.227454098,23.5,31240.0,25.037,107.842,53.192175,-6.9867655,21.590,21.616"
"3,20190515,2004,964,941,27.3,28.4,3.0,2.9,3.9,3.1,,,,,,,99.8444451165,123.479725425,23.6352803085,27.3,37640.0,24.599,133.506,53.19237666666667,-6.986867833333333,26.741,21.899"
"4,20190515,2005,1317,1294,19.0,33.9,5.7,5.4,2.0,3.2,,,,,,,103.930963663,120.2288118,16.297848137,19.0,51760.0,30.566,137.725,53.19264983333333,-6.987146666666667,23.558,21.919"
"5,20190515,2006,621,598,26.6,35.2,4.3,2.8,3.5,3.4,,,,,,,95.7527376652,116.975116032,21.2223783668,26.6,23920.0,20.033,112.06,53.1929365,-6.987306666666667,24.404,20.274"
"6,20190515,2007,925,902,27.1,35.9,4.4,3.8,4.8,4.3,,,,,,,99.0265251706,115.347201782,16.3206766114,27.1,36080.0,27.395,123.6,53.19278883333333,-6.987564333333333,25.339,21.061"
"7,20190515,2008,919,896,23.3,36.4,3.9,3.3,2.8,2.2,,,,,,,151.009302421,151.009302421,0.0,23.3,35840.0,19.502,81.306,53.19259233333333,-6.987843666666667,20.080,20.435"
"8,20190515,2009,863,840,28.3,41.9,2.6,3.3,5.0,3.6,,,,,,,99.0265251706,111.274228211,12.2477030404,28.3,33600.0,14.704,52.263000000000005,53.19239783333333,-6.9880553333333335,19.853,20.570"
"9,20190515,2010,673,650,27.3,47.8,3.4,3.9,3.8,7.0,,,,,,,108.828207282,92.4754963415,-16.3527109405,27.3,26000.0,15.5,74.428,53.19244366666667,-6.98846,21.601,20.465"
"10,20190515,2012,751,728,30.4,34.6,4.4,2.9,4.3,3.6,,,,,,,165.516482634,109.643737044,-55.87274559,30.4,29120.0,15.205,68.831,53.19242633333333,-6.988858666666666,23.658,20.075"
"11,20190515,2013,586,563,25.6,31.8,7.5,3.4,5.7,4.4,,,,,,,91.655633111,101.479664075,9.824030964,25.6,22520.0,14.102,77.618,53.19245766666667,-6.9891175,19.679,20.012"
"12,20190515,2014,817,794,28.0,35.2,3.5,3.5,2.5,3.8,,,,,,,185.59758069,119.415651521,-66.181929169,28.0,31760.0,19.499,83.824,53.19243616666667,-6.989415666666667,21.949,21.285"
"13,20190515,2015,460,437,22.5,37.7,2.6,3.1,1.6,1.8,,,,,,,111.274228211,117.788804797,6.514576586,22.5,17480.0,15.572,68.953,53.19230683333333,-6.989471666666667,22.395,22.610"
"14,20190515,2016,538,515,27.6,32.8,1.6,4.6,2.6,1.9,,,,,,,164.711644376,117.788804797,-46.922839579,27.6,20600.0,14.041,82.444,53.19222833333333,-6.989463166666667,22.276,21.875"
"15,20190521,3000,865,842,39.6,17.4,1.7,3.4,5.3,4.2,,,,,,,90.8355450459,90.8355450459,0.0,39.6,33680.0,,,53.19171816666667,-6.987511,20.559,21.186"
"16,20190521,3002,964,941,21.8,13.6,2.6,4.8,2.5,3.4,,,,,,,93.2951365972,115.347201782,22.0520651848,21.8,37640.0,19.437,120.384,53.19165316666667,-6.9878745,21.680,23.589"
"17,20190521,3003,954,931,25.4,18.7,2.7,2.1,3.8,3.2,,,,,,,91.655633111,112.089192269,20.433559158,25.4,37240.0,17.28,89.05799999999999,53.19162833333333,-6.988267333333333,20.876,20.661"
"18,20190521,3004,629,606,29.6,21.0,3.9,4.3,4.7,4.0,,,,,,,87.5529061553,108.012486269,20.4595801137,29.6,24240.0,17.468,126.515,53.1916005,-6.988749833333333,24.512,25.258"
"19,20190521,3005,678,655,31.6,22.4,7.2,5.9,6.2,6.2,,,,,,,90.8355450459,103.114065598,12.2785205521,31.6,26200.0,15.318,58.792,53.19151083333333,-6.989210166666666,20.146,22.744"
"20,20190521,3006,249,226,16.3,29.0,4.6,3.8,5.0,3.5,,,,,,,102.296966242,107.19657263,4.899606388,16.3,9040.0,12.248,44.004,53.191299666666666,-6.989361333333333,19.455,20.238"
"21,20190521,3007,114,91,9.4,26.2,3.9,3.9,3.9,3.9,,,,,,,105.564161886,112.903970382,7.339808496,9.4,3640.0,9.236,17.025,53.1908305,-6.986805,16.626,17.029"
"22,20190521,3008,669,646,32.6,19.9,4.2,4.3,3.5,1.5,,,,,,,89.1946868191,99.0265251706,9.8318383515,32.6,25840.0,9.446,28.213,53.190692166666665,-6.987006833333333,16.582,17.601"
"23,20190521,3009,895,872,23.6,17.1,5.5,3.4,2.9,4.1,,,,,,,109.643737044,87.5529061553,-22.0908308887,23.6,34880.0,,,53.1906265,-6.9871785,17.339,18.248"
"24,20190521,3011,677,654,40.4,18.0,2.6,2.3,2.9,2.6,,,,,,,70.2541168113,187.200894696,116.9467778847,40.4,26160.0,11.847,48.504,53.1905045,-6.987499166666667,18.040,22.791"
"25,20190521,3012,903,880,23.0,15.4,2.7,2.3,3.5,2.9,,,,,,,83.4443122151,105.564161886,22.1198496709,23.0,35200.0,14.173,57.47,53.19041466666667,-6.987768166666667,18.251,18.780"
"26,20190521,3013,427,404,23.0,24.3,3.4,3.5,5.1,3.2,,,,,,,90.8355450459,108.012486269,17.1769412231,23.0,16160.0,11.014,38.714,53.1902445,-6.9881195,18.587,20.150"
"27,20190521,3014,560,537,31.1,22.7,5.3,4.9,3.8,5.5,,,,,,,90.0152302559,103.114065598,13.0988353421,31.1,21480.0,10.145,36.387,53.190313,-6.9882015,19.956,25.083"
"28,20190521,3015,644,621,32.1,20.3,4.9,4.9,1.5,5.3,,,,,,,85.910187018,102.296966242,16.386779224,32.1,24840.0,9.92,36.935,53.190476833333335,-6.988249,19.626,22.221"
"29,20190521,3016,857,834,27.3,18.4,1.6,4.2,2.1,3.2,,,,,,,76.0331920395,97.3900562773,21.3568642378,27.3,33360.0,11.306,41.869,53.190654333333335,-6.9883188333333335,20.067,19.541"
"30,20190521,3017,528,505,25.5,22.8,3.3,2.2,3.8,2.7,,,,,,,89.1946868191,89.1946868191,0.0,25.5,20200.0,,,53.190866666666665,-6.988288,18.497,19.397"
"31,20190521,3019,616,593,28.3,22.2,4.1,5.0,5.0,4.3,,,,,,,94.1145557076,94.1145557076,0.0,28.3,23720.0,,,53.19084866666667,-6.988515666666666,20.078,21.784"
"32,20190521,3021,356,333,22.6,26.1,3.4,4.0,2.6,2.5,,,,,,,102.296966242,108.828207282,6.53124104,22.6,13320.0,11.078,38.072,53.1910075,-6.9882725,19.906,18.040"
"33,20190521,3022,427,404,24.5,22.1,3.4,2.9,3.2,3.2,,,,,,,88.3739127814,102.296966242,13.9230534606,24.5,16160.0,11.326,42.623000000000005,53.191002833333336,-6.987819833333333,20.339,19.430"
"34,20190528,4000,517,494,13.8,14.1,0.9,0.8,0.8,1.1,,,,,,,119.415651521,126.727927486,7.312275965,13.8,19760.0,24.088,142.665,53.559541333333335,-6.304999333333333,12.881,14.097"
"35,20190528,4001,872,849,14.8,14.2,1.1,1.5,1.0,0.8,,,,,,,121.041798214,125.104161127,4.062362913,14.8,33960.0,22.899,126.341,53.5594785,-6.3046291666666665,13.302,14.960"
"36,20190528,4002,145,122,13.9,14.0,2.4,2.8,1.6,1.8,,,,,,,120.2288118,129.973485124,9.744673324,13.9,4880.0,20.236,85.307,53.559645833333335,-6.3045385,12.223,13.488"
"37,20190528,4003,663,640,27.8,18.0,1.4,1.4,1.2,0.8,,,,,,,108.012486269,129.973485124,21.960998855,27.8,25600.0,18.057,123.372,53.5600315,-6.304375666666667,14.572,14.430"
"38,20190528,4004,801,778,13.4,12.4,1.1,0.9,0.9,1.0,,,,,,,120.2288118,127.539562259,7.310750459,13.4,31120.0,23.573,115.33,53.560398166666666,-6.304745166666667,12.722,12.495"
"39,20190528,4005,745,722,14.5,15.9,1.6,1.0,0.9,1.8,,,,,,,121.041798214,129.16234008,8.120541866,14.5,28880.0,58.845,254.669,53.560669833333336,-6.305048,16.333,25.347"
"40,20190528,4006,884,861,13.8,14.1,1.1,1.0,0.8,1.6,,,,,,,124.29202747,131.595292387,7.303264917,13.8,34440.0,33.005,158.888,53.56101116666667,-6.305356833333334,14.221,16.055"
"41,20190528,4007,703,680,19.6,16.4,2.1,2.5,3.1,2.6,,,,,,,112.903970382,127.539562259,14.635591877,19.6,27200.0,25.513,127.059,53.5613455,-6.305806666666666,14.764,14.776"
"42,20190528,4008,492,469,23.0,18.4,2.0,2.3,1.1,2.5,,,,,,,113.718563832,130.784468903,17.065905071,23.0,18760.0,18.345,121.583,53.56174333333333,-6.3062993333333335,14.293,13.995"
"43,20190528,4009,1021,998,12.8,13.9,1.7,1.4,1.3,2.5,,,,,,,121.854611886,129.16234008,7.307728194,12.8,39920.0,24.561,107.552,53.56187283333333,-6.305653333333334,14.448,14.734"
"44,20190528,4010,638,615,21.9,15.7,1.3,1.6,2.1,1.7,,,,,,,109.643737044,127.539562259,17.895825215,21.9,24600.0,17.358,82.389,53.561985,-6.304809666666666,13.827,13.462"
"45,20190528,4011,638,615,23.3,15.3,1.8,2.3,2.0,1.5,,,,,,,118.602316237,129.973485124,11.371168887,23.3,24600.0,24.855,127.73,53.561808166666665,-6.304855166666667,18.052,17.982"
"46,20190528,4012,817,794,14.6,15.5,1.2,1.4,1.7,2.4,,,,,,,115.347201782,129.16234008,13.815138298,14.6,31760.0,18.173,99.911,53.5616255,-6.304936166666667,15.441,15.692"
"47,20190528,4013,635,612,15.1,17.9,3.7,0.9,1.7,1.7,,,,,,,116.16124876,129.16234008,13.00109132,15.1,24480.0,22.592,111.358,53.561483333333335,-6.305083,14.596,15.830"
"48,20190528,4014,800,777,16.0,16.0,1.2,1.4,2.2,2.1,,,,,,,123.479725425,131.595292387,8.115566962,16.0,31080.0,27.934,129.208,53.561301666666665,-6.305194166666666,16.011,14.772"
"49,20190528,4015,728,705,16.8,15.9,1.6,1.5,1.4,1.8,,,,,,,122.667253925,130.784468903,8.117214978,16.8,28200.0,45.473,248.72,53.56117866666666,-6.305381,18.997,18.760"
"50,20190528,4016,577,554,19.3,16.6,0.9,1.6,0.7,1.3,,,,,,,118.602316237,129.16234008,10.560023843,19.3,22160.0,17.221,105.12,53.561071,-6.305596833333333,15.138,14.081"
"51,20190528,4017,660,637,27.1,17.3,2.2,2.1,2.2,2.3,,,,,,,96.5715040278,129.16234008,32.5908360522,27.1,25480.0,21.491,113.844,53.56093533333333,-6.305705333333333,15.325,12.654"
"52,20190528,4018,537,514,19.5,18.8,1.2,1.5,2.7,1.7,,,,,,,110.459076908,125.916127452,15.457050544,19.5,20560.0,18.04,101.643,53.56063683333333,-6.305971166666667,15.275,14.532"
"53,20190528,4019,517,494,19.5,19.5,1.7,2.1,2.8,1.8,,,,,,,115.347201782,125.916127452,10.56892567,19.5,19760.0,15.041,95.232,53.559998666666665,-6.306742,15.184,15.161"
"54,20190611,5000,1203,1180,,14.3,4.1,4.1,4.0,4.0,410.0,780.0,930.0,890.0,1100.0,1300.0,,,,,,40.243,227.84,52.986521833333335,-6.779762166666667,18.929,20.056"
"55,20190611,5001,974,951,,24.3,4.1,4.1,4.0,4.0,410.0,780.0,930.0,890.0,1100.0,1300.0,,,,,,17.521,101.815,52.986748166666665,-6.779522166666666,15.280,22.439"
"56,20190611,5002,1348,1325,,20.2,4.1,4.1,4.0,4.0,410.0,780.0,930.0,890.0,1100.0,1300.0,,,,,,15.69,64.331,52.98689016666667,-6.779202333333333,14.402,15.982"
"57,20190611,5003,1034,1011,,23.0,4.1,4.1,4.0,4.0,410.0,780.0,930.0,890.0,1100.0,1300.0,,,,,,12.712,64.23100000000001,52.986933,-6.778857833333333,13.841,18.238"
"58,20190611,5004,1345,1322,,22.4,4.1,4.1,4.0,4.0,410.0,780.0,930.0,890.0,1100.0,1300.0,,,,,,22.949,123.349,52.98693416666666,-6.778702166666667,15.788,22.553"
"59,20190611,5005,937,914,,23.6,4.8,4.7,4.8,4.6,510.0,750.0,930.0,1100.0,1200.0,1300.0,,,,,,32.438,213.926,52.986966,-6.778618833333333,18.007,19.850"
"60,20190611,5006,1033,1010,,23.3,4.8,4.7,4.8,4.6,510.0,750.0,930.0,1100.0,1200.0,1300.0,,,,,,26.625,120.313,52.98702766666667,-6.7784455,17.563,19.022"
"61,20190611,5007,1665,1642,,19.7,4.8,4.7,4.8,4.6,510.0,750.0,930.0,1100.0,1200.0,1300.0,,,,,,21.85,134.643,52.98710166666667,-6.7782225,17.426,18.329"
"62,20190611,5008,1394,1371,,18.8,4.8,4.7,4.8,4.6,510.0,750.0,930.0,1100.0,1200.0,1300.0,,,,,,24.224,126.316,52.987105666666665,-6.7780803333333335,16.465,18.776"
"63,20190611,5009,933,910,,25.2,4.8,4.7,4.8,4.6,510.0,750.0,930.0,1100.0,1200.0,1300.0,,,,,,18.912,81.193,52.9870515,-6.777945833333334,15.767,17.147"
"64,20190611,5010,705,682,,23.2,3.7,3.7,3.6,3.4,590.0,770.0,820.0,910.0,1000.0,980.0,,,,,,15.643,82.469,52.9869595,-6.777911333333334,17.931,20.432"
"65,20190611,5011,1423,1400,,18.3,3.7,3.7,3.6,3.4,590.0,770.0,820.0,910.0,1000.0,980.0,,,,,,14.315,75.755,52.98682616666667,-6.7779731666666665,15.377,15.306"
"66,20190611,5012,1054,1031,,25.0,3.7,3.7,3.6,3.4,590.0,770.0,820.0,910.0,1000.0,980.0,,,,,,20.408,104.504,52.9866535,-6.778091,15.309,15.435"
"67,20190611,5013,928,905,,20.4,3.7,3.7,3.6,3.4,590.0,770.0,820.0,910.0,1000.0,980.0,,,,,,39.187,244.569,52.986457,-6.778093833333333,18.634,22.716"
"68,20190611,5014,546,523,,22.0,3.7,3.7,3.6,3.4,590.0,770.0,820.0,910.0,1000.0,980.0,,,,,,21.617,111.419,52.98645283333333,-6.778339333333333,16.031,15.737"
"69,20190611,5015,615,592,,22.2,4.3,4.2,4.3,4.1,630.0,950.0,990.0,1200.0,1300.0,1400.0,,,,,,20.536,112.646,52.9864565,-6.778482,16.268,23.630"
"70,20190611,5017,445,422,,24.6,4.3,4.2,4.3,4.1,630.0,950.0,990.0,1200.0,1300.0,1400.0,,,,,,17.066,71.967,52.98644033333333,-6.778656833333334,15.956,18.945"
"71,20190611,5018,758,735,,24.3,4.3,4.2,4.3,4.1,630.0,950.0,990.0,1200.0,1300.0,1400.0,,,,,,22.601,100.321,52.98645616666667,-6.778830833333333,17.102,17.122"
"72,20190611,5019,1111,1088,,20.4,4.3,4.2,4.3,4.1,630.0,950.0,990.0,1200.0,1300.0,1400.0,,,,,,20.372,100.928,52.98648016666667,-6.779014,15.761,17.313"
"73,20190611,5020,1554,1531,,21.6,4.3,4.2,4.3,4.1,630.0,950.0,990.0,1200.0,1300.0,1400.0,,,,,,19.369,90.167,52.98650383333333,-6.779079,15.484,18.728"
"74,20190624,6000,1671,1648,,18.7,1.2,1.5,1.5,1.4,100.0,120.0,130.0,150.0,160.0,170.0,,,,,,97.412,255.0,53.0028325,-6.8807401666666665,27.059,25.491"
"75,20190624,6001,1695,1672,,15.4,1.2,1.5,1.5,1.4,100.0,120.0,130.0,150.0,160.0,170.0,,,,,,80.88,254.963,53.00305033333333,-6.880831,25.947,23.129"
"76,20190624,6002,726,703,,24.6,1.2,1.5,1.5,1.4,100.0,120.0,130.0,150.0,160.0,170.0,,,,,,33.105,158.752,53.003378833333336,-6.880984833333334,23.088,19.653"
"77,20190624,6003,522,499,,22.9,1.2,1.5,1.5,1.4,100.0,120.0,130.0,150.0,160.0,170.0,,,,,,53.522,240.772,53.00353283333333,-6.881043666666667,26.834,24.997"
"78,20190624,6004,1012,989,,28.3,1.2,1.5,1.5,1.4,100.0,120.0,130.0,150.0,160.0,170.0,,,,,,68.767,234.077,53.00359,-6.881081666666667,24.996,24.984"
"79,20190624,6005,1502,1479,,21.6,1.8,1.8,1.9,1.8,190.0,230.0,250.0,260.0,290.0,300.0,,,,,,32.288000000000004,192.113,53.003693166666665,-6.8808913333333335,23.701,20.382"
"80,20190624,6006,803,780,,23.0,1.8,1.8,1.9,1.8,190.0,230.0,250.0,260.0,290.0,300.0,,,,,,39.957,215.237,53.00372433333333,-6.880797333333334,22.378,20.935"
"81,20190624,6007,1293,1270,,19.8,1.8,1.8,1.9,1.8,190.0,230.0,250.0,260.0,290.0,300.0,,,,,,40.679,213.397,53.003702,-6.8803556666666665,22.947,24.084"
"82,20190624,6008,987,964,,22.9,1.8,1.8,1.9,1.8,190.0,230.0,250.0,260.0,290.0,300.0,,,,,,93.194,254.932,53.003709666666666,-6.8801586666666665,25.431,23.972"
"83,20190624,6009,1258,1235,,20.7,1.8,1.8,1.9,1.8,190.0,230.0,250.0,260.0,290.0,300.0,,,,,,46.438,226.705,53.003704,-6.879957666666667,23.422,21.061"
"84,20190624,6010,962,939,,21.8,1.6,1.6,1.6,1.7,170.0,210.0,230.0,250.0,260.0,260.0,,,,,,26.923,160.213,53.00363983333333,-6.8799323333333335,21.851,25.175"
"85,20190624,6011,740,717,,24.2,1.6,1.6,1.6,1.7,170.0,210.0,230.0,250.0,260.0,260.0,,,,,,21.697,136.221,53.003579,-6.8798835,21.573,23.474"
"86,20190624,6012,801,778,,24.0,1.6,1.6,1.6,1.7,170.0,210.0,230.0,250.0,260.0,260.0,,,,,,17.764,114.739,53.00345833333333,-6.880016666666666,21.117,26.568"
"87,20190624,6013,863,840,,22.3,1.6,1.6,1.6,1.7,170.0,210.0,230.0,250.0,260.0,260.0,,,,,,16.828,100.109,53.003291833333336,-6.880025166666667,20.881,18.895"
"88,20190624,6014,778,755,,19.5,1.6,1.6,1.6,1.7,170.0,210.0,230.0,250.0,260.0,260.0,,,,,,83.331,254.832,53.00301816666666,-6.880258833333333,27.379,22.297"
"89,20190624,6015,940,917,,20.0,1.2,1.3,1.3,1.2,,,,,,,,,,,,83.322,254.171,53.002677,-6.880719166666667,28.221,22.526"
"90,20190624,6016,1240,1217,,14.2,1.2,1.3,1.3,1.2,,,,,,,,,,,,78.344,254.862,53.00260683333333,-6.880768,26.955,25.291"
"91,20190625,7000,953,930,,25.2,3.3,2.8,3.4,3.4,220.0,260.0,320.0,340.0,380.0,390.0,,,,,,88.052,254.968,52.97047916666666,-6.840907666666666,27.559,25.978"
"92,20190625,7001,905,882,,20.7,3.3,2.8,3.4,3.4,220.0,260.0,320.0,340.0,380.0,390.0,,,,,,46.58,238.222,52.97042866666666,-6.840832,22.984,22.571"
"93,20190625,7002,1111,1088,,17.3,3.3,2.8,3.4,3.4,220.0,260.0,320.0,340.0,380.0,390.0,,,,,,42.235,235.013,52.970419666666665,-6.840751166666667,22.730,21.925"
"94,20190625,7003,1527,1504,,20.4,3.3,2.8,3.4,3.4,220.0,260.0,320.0,340.0,380.0,390.0,,,,,,81.851,252.264,52.9703495,-6.840647333333333,25.850,24.303"
"95,20190625,7004,1463,1440,,19.0,3.3,2.8,3.4,3.4,220.0,260.0,320.0,340.0,380.0,390.0,,,,,,30.006,187.48,52.970282833333336,-6.8405175,22.662,22.707"
"96,20190625,7005,1401,1378,,20.4,2.3,2.2,2.2,2.2,390.0,490.0,550.0,650.0,630.0,650.0,,,,,,37.896,222.197,52.970253666666665,-6.840396,21.347,20.746"
"97,20190625,7006,2144,2121,,22.8,2.3,2.2,2.2,2.2,390.0,490.0,550.0,650.0,630.0,650.0,,,,,,94.897,254.943,52.970205166666666,-6.840226333333334,24.843,23.172"
"98,20190625,7007,1194,1171,,20.4,2.3,2.2,2.2,2.2,390.0,490.0,550.0,650.0,630.0,650.0,,,,,,105.363,254.915,52.9702405,-6.840088166666667,23.729,22.584"
"99,20190625,7008,2022,1999,,19.0,2.3,2.2,2.2,2.2,390.0,490.0,550.0,650.0,630.0,650.0,,,,,,24.515,160.112,52.97023166666666,-6.8399236666666665,22.548,20.100"
"100,20190625,7009,1013,990,,17.4,2.3,2.2,2.2,2.2,390.0,490.0,550.0,650.0,630.0,650.0,,,,,,27.36,156.155,52.970337666666666,-6.839862166666666,20.638,20.136"
"101,20190625,7010,1344,1321,,16.1,2.6,2.6,2.5,2.4,340.0,440.0,500.0,600.0,600.0,630.0,,,,,,74.592,248.482,52.970403,-6.839878166666667,23.070,21.449"
"102,20190625,7011,1060,1037,,20.1,2.6,2.6,2.5,2.4,340.0,440.0,500.0,600.0,600.0,630.0,,,,,,73.113,252.517,52.970522333333335,-6.8399665,25.932,24.453"
"103,20190625,7012,1201,1178,,16.4,2.6,2.6,2.5,2.4,340.0,440.0,500.0,600.0,600.0,630.0,,,,,,41.733,237.968,52.9705495,-6.840045333333333,24.833,21.199"
"104,20190625,7013,1447,1424,,20.4,2.6,2.6,2.5,2.4,340.0,440.0,500.0,600.0,600.0,630.0,,,,,,48.225,239.593,52.97059633333333,-6.840159166666667,22.586,23.919"
"105,20190625,7014,1832,1809,,17.6,2.6,2.6,2.5,2.4,340.0,440.0,500.0,600.0,600.0,630.0,,,,,,36.353,222.235,52.970600833333336,-6.840271666666666,23.429,22.794"
"106,20190625,7015,1022,999,,18.5,3.0,3.0,3.0,3.1,320.0,380.0,440.0,470.0,470.0,520.0,,,,,,39.684,225.407,52.970568666666665,-6.840350666666667,24.725,23.955"
"107,20190625,7016,1364,1341,,18.2,3.0,3.0,3.0,3.1,320.0,380.0,440.0,470.0,470.0,520.0,,,,,,44.924,245.675,52.97056383333333,-6.840469,24.924,23.274"
"108,20190625,7018,1135,1112,,24.1,3.0,3.0,3.0,3.1,320.0,380.0,440.0,470.0,470.0,520.0,,,,,,51.983,230.506,52.970432,-6.840498166666666,24.651,23.908"
"109,20190625,7019,1164,1141,,21.1,3.0,3.0,3.0,3.1,320.0,380.0,440.0,470.0,470.0,520.0,,,,,,52.008,237.824,52.9703525,-6.840596166666667,24.985,23.454"
"110,20190625,7020,352,329,,27.9,3.0,3.0,3.0,3.1,320.0,380.0,440.0,470.0,470.0,520.0,,,,,,32.631,189.649,52.9704905,-6.840909166666666,23.458,22.007"
"111,20190708,8000,335,312,23.0,17.5,1.7,1.7,1.7,1.8,190.0,280.0,290.0,260.0,260.0,230.0,115.347201782,116.975116032,1.62791425,23.0,12480.0,44.347,243.041,52.8697365,-8.246970333333334,24.834,23.115"
"112,20190708,8001,516,493,26.0,14.5,1.7,1.7,1.7,1.8,190.0,280.0,290.0,260.0,260.0,230.0,109.643737044,113.718563832,4.074826788,26.0,19720.0,45.191,246.738,52.869835,-8.24702,24.218,23.496"
"113,20190708,8003,422,399,30.0,15.7,1.7,1.7,1.7,1.8,190.0,280.0,290.0,260.0,260.0,230.0,112.903970382,99.0265251706,-13.8774452114,30.0,15960.0,46.358,248.176,52.86989966666667,-8.246919833333333,23.864,23.037"
"114,20190708,8004,381,358,25.0,15.4,1.7,1.7,1.7,1.8,190.0,280.0,290.0,260.0,260.0,230.0,108.828207282,108.828207282,0.0,25.0,14320.0,27.531,187.49,52.86993583333334,-8.246792,22.573,23.108"
"115,20190716,9000,466,443,26.0,17.0,1.4,1.5,1.5,1.5,320.0,360.0,390.0,400.0,410.0,420.0,103.930963663,106.380464974,2.449501311,26.0,17720.0,22.161,134.637,52.86970316666667,-8.2468945,21.131,20.168"
"116,20190716,9001,555,532,28.0,18.9,1.4,1.5,1.5,1.5,320.0,360.0,390.0,400.0,410.0,420.0,108.012486269,116.16124876,8.148762491,28.0,21280.0,22.95,138.68200000000002,52.8697795,-8.246996333333334,20.938,21.051"
"117,20190716,9004,739,716,32.0,15.8,1.4,1.5,1.5,1.5,320.0,360.0,390.0,400.0,410.0,420.0,112.089192269,116.16124876,4.072056491,32.0,28640.0,99.963,254.99400000000003,52.8698845,-8.247081,26.717,25.520"
"118,20190716,9005,630,607,31.0,17.1,1.4,1.5,1.5,1.5,320.0,360.0,390.0,400.0,410.0,420.0,99.8444451165,115.347201782,15.5027566655,31.0,24280.0,96.398,254.983,52.86997683333333,-8.247234,27.194,26.445"
"119,20190716,9006,646,623,25.0,14.7,1.4,1.5,1.5,1.5,320.0,360.0,390.0,400.0,410.0,420.0,108.012486269,121.041798214,13.029311945,25.0,24920.0,83.28,249.54,52.870059,-8.247287,26.236,25.888"
"120,20190716,9007,633,610,27.0,18.1,1.8,1.9,1.9,1.9,380.0,410.0,440.0,460.0,470.0,490.0,105.564161886,108.012486269,2.448324383,27.0,24400.0,95.893,254.9,52.870107,-8.246937166666667,26.780,27.846"
"121,20190716,9008,543,520,27.0,19.1,1.8,1.9,1.9,1.9,380.0,410.0,440.0,460.0,470.0,490.0,107.19657263,108.012486269,0.815913639,27.0,20800.0,77.869,254.813,52.8700025,-8.246741166666666,26.647,26.958"
"122,20190716,9009,644,621,35.0,15.3,1.8,1.9,1.9,1.9,380.0,410.0,440.0,460.0,470.0,490.0,108.828207282,119.415651521,10.587444239,35.0,24840.0,84.00399999999999,254.966,52.86997483333333,-8.2465365,27.695,29.198"
"123,20190716,9010,594,571,31.0,17.3,1.8,1.9,1.9,1.9,380.0,410.0,440.0,460.0,470.0,490.0,113.718563832,118.602316237,4.883752405,31.0,22840.0,81.956,254.922,52.870003,-8.246223333333333,26.360,26.665"
"124,20190716,9011,563,540,31.0,18.8,1.8,1.9,1.9,1.9,380.0,410.0,440.0,460.0,470.0,490.0,108.828207282,125.104161127,16.275953845,31.0,21600.0,76.857,254.962,52.869935,-8.246262,25.072,24.674"
"125,20190724,10000,120,97,16.0,19.8,2.4,2.4,2.5,2.5,1100.0,1100.0,1100.0,1200.0,1200.0,1200.0,121.854611886,121.041798214,-0.812813672,16.0,3880.0,43.739,205.189,53.20705083333333,-6.521603833333334,23.934,23.987"
"126,20190724,10001,164,141,17.0,22.2,2.4,2.4,2.5,2.5,1100.0,1100.0,1100.0,1200.0,1200.0,1200.0,119.415651521,123.479725425,4.064073904,17.0,5640.0,34.654,158.602,53.20717883333333,-6.5218475,23.421,23.561"
"127,20190724,10002,96,73,15.0,24.6,2.4,2.4,2.5,2.5,1100.0,1100.0,1100.0,1200.0,1200.0,1200.0,120.2288118,122.667253925,2.438442125,15.0,2920.0,46.235,195.412,53.20716266666667,-6.521791666666667,23.998,24.598"
"128,20190724,10003,159,136,18.0,22.5,2.4,2.4,2.5,2.5,1100.0,1100.0,1100.0,1200.0,1200.0,1200.0,116.975116032,120.2288118,3.253695768,18.0,5440.0,43.852,162.251,53.2071155,-6.521734833333333,23.598,24.385"
"129,20190724,10004,144,121,17.0,22.5,2.4,2.4,2.5,2.5,1100.0,1100.0,1100.0,1200.0,1200.0,1200.0,115.347201782,118.602316237,3.255114455,17.0,4840.0,24.951,141.72799999999998,53.20709566666667,-6.5216265,22.136,21.981"
"130,20190724,10005,523,500,27.0,25.5,4.0,4.0,3.9,3.9,2700.0,2700.0,2700.0,2700.0,2700.0,2700.0,107.19657263,120.2288118,13.03223917,27.0,20000.0,33.975,113.316,53.2071535,-6.521143,22.266,21.742"
"131,20190724,10006,565,542,25.0,28.1,4.0,4.0,3.9,3.9,2700.0,2700.0,2700.0,2700.0,2700.0,2700.0,115.347201782,120.2288118,4.881610018,25.0,21680.0,33.652,107.483,53.2071235,-6.521207,23.821,27.809"
"132,20190724,10007,440,417,31.0,20.4,4.0,4.0,3.9,3.9,2700.0,2700.0,2700.0,2700.0,2700.0,2700.0,112.089192269,116.16124876,4.072056491,31.0,16680.0,53.882,229.342,53.2071525,-6.521315,27.046,31.315"
"133,20190724,10008,766,743,20.0,19.0,4.0,4.0,3.9,3.9,2700.0,2700.0,2700.0,2700.0,2700.0,2700.0,107.19657263,123.479725425,16.283152795,20.0,29720.0,27.568,139.444,53.207168,-6.521318833333333,23.020,26.625"
"134,20190724,10009,256,233,20.0,33.1,4.0,4.0,3.9,3.9,2700.0,2700.0,2700.0,2700.0,2700.0,2700.0,110.459076908,116.16124876,5.702171852,20.0,9320.0,40.204,138.463,53.20715466666667,-6.5213815,25.591,27.416"
"135,20190724,10010,106,83,24.0,20.6,2.3,2.3,2.3,2.3,560.0,570.0,570.0,580.0,620.0,630.0,117.788804797,119.415651521,1.626846724,24.0,3320.0,14.079,58.669,53.2064495,-6.523233333333334,21.676,21.496"
"136,20190724,10011,252,229,24.0,19.8,2.3,2.3,2.3,2.3,560.0,570.0,570.0,580.0,620.0,630.0,112.089192269,110.459076908,-1.630115361,24.0,9160.0,20.94,95.769,53.20638533333333,-6.5231165,22.947,22.751"
"137,20190724,10012,225,202,17.0,21.4,2.3,2.3,2.3,2.3,560.0,570.0,570.0,580.0,620.0,630.0,116.975116032,117.788804797,0.813688765,17.0,8080.0,,,53.206330666666666,-6.5230421666666665,22.649,21.257"
"138,20190724,10013,188,165,20.0,16.6,2.3,2.3,2.3,2.3,560.0,570.0,570.0,580.0,620.0,630.0,121.041798214,121.041798214,0.0,20.0,6600.0,,,53.20630483333333,-6.523000666666666,23.340,22.433"
"139,20190724,10014,205,182,15.0,17.9,2.3,2.3,2.3,2.3,560.0,570.0,570.0,580.0,620.0,630.0,119.415651521,121.854611886,2.438960365,15.0,7280.0,,,53.2062945,-6.522980333333333,23.598,23.167"
"140,20190724,10015,247,224,17.0,28.1,,,,,,,,,,,110.459076908,116.975116032,6.516039124,17.0,8960.0,,,53.2062895,-6.522946,22.932,21.529"
"141,20190807,11000,215,192,19.0,20.4,2.3,2.3,2.3,2.3,340.0,330.0,350.0,370.0,410.0,430.0,99.0265251706,112.089192269,13.0626670984,19.0,7680.0,15.087,123.935,53.19265383333333,-6.986104666666667,23.078,24.889"
"142,20190807,11001,258,235,21.0,19.8,2.3,2.3,2.3,2.3,340.0,330.0,350.0,370.0,410.0,430.0,99.0265251706,112.903970382,13.8774452114,21.0,9400.0,59.11,253.904,53.192528,-6.986093166666667,25.156,23.672"
"143,20190807,11002,454,431,22.0,18.2,2.3,2.3,2.3,2.3,340.0,330.0,350.0,370.0,410.0,430.0,102.296966242,115.347201782,13.05023554,22.0,17240.0,36.111,189.42,53.192428666666665,-6.986154833333333,25.294,27.032"
"144,20190807,11003,359,336,24.0,17.4,2.3,2.3,2.3,2.3,340.0,330.0,350.0,370.0,410.0,430.0,105.564161886,116.975116032,11.410954146,24.0,13440.0,29.128,195.325,53.19235483333333,-6.9860835,21.676,24.604"
"145,20190807,11004,268,245,26.0,17.4,2.3,2.3,2.3,2.3,340.0,330.0,350.0,370.0,410.0,430.0,104.747661934,118.602316237,13.854654303,26.0,9800.0,40.02,244.478,53.19223933333333,-6.986165166666667,22.858,24.497"
"146,20190807,11005,430,407,25.0,14.2,1.7,1.8,1.8,1.6,950.0,1000.0,1100.0,1100.0,1100.0,1100.0,101.479664075,119.415651521,17.935987446,25.0,16280.0,30.432,174.51,53.19250183333333,-6.987279833333333,22.278,25.593"
"147,20190807,11006,642,619,17.0,14.5,1.7,1.8,1.8,1.6,950.0,1000.0,1100.0,1100.0,1100.0,1100.0,111.274228211,121.854611886,10.580383675,17.0,24760.0,55.868,253.084,53.19244566666666,-6.9873053333333335,23.338,24.128"
"148,20190807,11007,593,570,22.0,16.5,1.7,1.8,1.8,1.6,950.0,1000.0,1100.0,1100.0,1100.0,1100.0,108.012486269,115.347201782,7.334715513,22.0,22800.0,70.497,254.68,53.19249066666666,-6.987431333333333,25.045,31.867"
"149,20190807,11008,708,685,21.0,16.3,1.7,1.8,1.8,1.6,950.0,1000.0,1100.0,1100.0,1100.0,1100.0,107.19657263,118.602316237,11.405743607,21.0,27400.0,68.282,253.779,53.192384,-6.9873845,25.111,29.281"
"150,20190807,11009,468,445,25.0,15.4,1.7,1.8,1.8,1.6,950.0,1000.0,1100.0,1100.0,1100.0,1100.0,99.0265251706,117.788804797,18.7622796264,25.0,17800.0,55.06100000000001,250.686,53.19182,-6.9877805,24.581,25.870"
"151,20190807,11010,542,519,23.0,16.4,,,,,,,,,,,104.747661934,118.602316237,13.854654303,23.0,20760.0,50.43600000000001,252.981,53.19179416666667,-6.987775333333333,25.627,25.015"
"152,20190812,12000,582,559,25.0,40.5,2.1,1.8,2.1,2.1,450.0,440.0,450.0,450.0,450.0,460.0,108.828207282,117.788804797,8.960597515,25.0,22360.0,73.65899999999999,254.803,53.19208166666667,-6.986348,22.139,23.514"
"153,20190812,12001,462,439,22.0,21.3,2.1,1.8,2.1,2.1,450.0,440.0,450.0,450.0,450.0,460.0,108.012486269,118.602316237,10.589829968,22.0,17560.0,27.96,145.126,53.192109,-6.986257166666666,18.803,18.979"
"154,20190812,12002,403,380,22.0,23.2,2.1,1.8,2.1,2.1,450.0,440.0,450.0,450.0,450.0,460.0,106.380464974,117.788804797,11.408339823,22.0,15200.0,47.018,253.018,53.19216633333333,-6.9861795,19.613,19.905"
"155,20190812,12003,459,436,22.0,26.8,2.1,1.8,2.1,2.1,450.0,440.0,450.0,450.0,450.0,460.0,108.828207282,120.2288118,11.400604518,22.0,17440.0,76.35,254.79,53.192245166666666,-6.986132333333334,20.657,20.977"
"156,20190812,12004,458,435,25.0,18.8,2.1,1.8,2.1,2.1,450.0,440.0,450.0,450.0,450.0,460.0,112.089192269,124.29202747,12.202835201,25.0,17400.0,55.088,254.788,53.19231966666667,-6.986051833333334,20.711,21.954"
"157,20190812,12005,536,513,21.0,19.3,2.3,2.4,2.1,2.4,670.0,670.0,690.0,700.0,710.0,700.0,111.274228211,119.415651521,8.14142331,21.0,20520.0,84.404,254.825,53.192446333333336,-6.987128,22.787,23.477"
"158,20190812,12006,529,506,22.0,22.6,2.3,2.4,2.1,2.4,670.0,670.0,690.0,700.0,710.0,700.0,103.930963663,116.975116032,13.044152369,22.0,20240.0,30.072,191.56,53.19248316666667,-6.9871545,19.472,17.874"
"159,20190812,12007,577,554,22.0,18.8,2.3,2.4,2.1,2.4,670.0,670.0,690.0,700.0,710.0,700.0,106.380464974,112.903970382,6.523505408,22.0,22160.0,24.977,145.339,53.1924245,-6.9872335,18.210,17.315"
"160,20190813,13001,327,304,26.0,28.9,0.9,1.0,0.9,0.9,140.0,46.0,42.0,,,,98.2083961037,117.788804797,19.5804086933,26.0,12160.0,40.921,179.225,53.121298,-6.703817833333334,21.667,20.655"
"161,20190813,13003,475,452,34.0,25.3,0.9,1.0,0.9,0.9,140.0,46.0,42.0,,,,101.479664075,121.041798214,19.562134139,34.0,18080.0,23.603,91.252,53.121232,-6.7036248333333335,19.513,19.705"
"162,20190813,13004,317,294,24.0,35.0,0.9,1.0,0.9,0.9,140.0,46.0,42.0,,,,103.114065598,116.16124876,13.047183162,24.0,11760.0,15.163,57.223,53.121164666666665,-6.703601833333334,18.481,17.312"
"163,20190813,13006,373,350,26.0,25.8,0.9,1.0,0.9,0.9,140.0,46.0,42.0,,,,107.19657263,120.2288118,13.03223917,26.0,14000.0,46.391000000000005,161.889,53.12111033333333,-6.703560333333334,19.952,17.959"
"164,20190813,13007,461,438,30.0,27.0,0.9,1.0,0.9,0.9,140.0,46.0,42.0,,,,97.3900562773,116.16124876,18.7711924827,30.0,17520.0,34.159,121.307,53.121122,-6.7033005,18.612,18.008"
"165,20190813,13008,643,620,38.0,24.0,1.0,1.0,1.1,0.9,140.0,140.0,150.0,150.0,,,98.2083961037,117.788804797,19.5804086933,38.0,24800.0,20.366,79.316,53.121213833333336,-6.702802666666667,17.309,15.177"
"166,20190813,13010,728,705,34.0,25.2,1.0,1.0,1.1,0.9,140.0,140.0,150.0,150.0,,,0.0,0.0,0.0,34.0,28200.0,,,,,,"
"167,20190813,13011,489,466,33.0,23.5,1.0,1.0,1.1,0.9,140.0,140.0,150.0,150.0,,,104.747661934,120.2288118,15.481149866,33.0,18640.0,37.163,117.904,53.12138366666667,-6.702202833333334,19.068,18.111"
"168,20190813,13012,400,377,35.0,27.6,1.0,1.0,1.1,0.9,140.0,140.0,150.0,150.0,,,97.3900562773,113.718563832,16.3285075547,35.0,15080.0,37.812,121.868,53.12135883333333,-6.7020455,19.161,18.792"
"169,20190903,14000,572,549,28.0,16.7,2.7,2.6,2.8,2.8,280.0,240.0,240.0,240.0,250.0,240.0,105.564161886,120.2288118,14.664649914,28.0,21960.0,40.649,198.274,53.191414,-6.989144333333334,20.108,19.284"
"170,20190903,14001,641,618,30.0,17.1,2.7,2.6,2.8,2.8,280.0,240.0,240.0,240.0,250.0,240.0,104.747661934,118.602316237,13.854654303,30.0,24720.0,110.452,254.999,53.19140266666667,-6.989365666666666,22.814,23.352"
"171,20190903,14002,563,540,26.0,17.1,2.7,2.6,2.8,2.8,280.0,240.0,240.0,240.0,250.0,240.0,104.747661934,117.788804797,13.041142863,26.0,21600.0,62.35,246.526,53.1915015,-6.9894948333333335,22.198,23.509"
"172,20190903,14003,657,634,26.0,19.0,2.7,2.6,2.8,2.8,280.0,240.0,240.0,240.0,250.0,240.0,102.296966242,113.718563832,11.42159759,26.0,25360.0,72.982,248.822,53.191435166666665,-6.989703666666666,21.317,20.776"
"173,20190903,14004,413,390,24.0,15.4,2.7,2.6,2.8,2.8,280.0,240.0,240.0,240.0,250.0,240.0,103.930963663,119.415651521,15.484687858,24.0,15600.0,65.324,242.976,53.19134416666667,-6.989571,21.565,21.227"
"174,20190903,14005,492,469,30.0,15.9,3.1,3.0,3.2,3.1,600.0,580.0,590.0,600.0,620.0,620.0,103.114065598,115.347201782,12.233136184,30.0,18760.0,112.846,254.897,53.19121366666667,-6.98966,24.188,23.517"
"175,20190903,14006,556,533,23.0,16.9,3.1,3.0,3.2,3.1,600.0,580.0,590.0,600.0,620.0,620.0,99.8444451165,112.903970382,13.0595252655,23.0,21320.0,134.39,254.992,53.19120483333333,-6.989851833333333,22.434,22.053"
"176,20190903,14007,521,498,23.0,16.7,3.1,3.0,3.2,3.1,600.0,580.0,590.0,600.0,620.0,620.0,106.380464974,118.602316237,12.221851263,23.0,19920.0,59.453,253.319,53.191295333333336,-6.9900325,21.426,20.164"
"177,20190903,14008,530,507,23.0,19.8,3.1,3.0,3.2,3.1,600.0,580.0,590.0,600.0,620.0,620.0,106.380464974,119.415651521,13.035186547,23.0,20280.0,36.196,195.942,53.1911745,-6.990210666666667,20.766,20.040"
"178,20190903,14009,753,730,23.0,15.1,3.1,3.0,3.2,3.1,600.0,580.0,590.0,600.0,620.0,620.0,106.380464974,121.854611886,15.474146912,23.0,29200.0,42.376000000000005,233.08,53.191091666666665,-6.990024666666667,20.884,20.517"
"179,20190903,14010,588,565,23.0,18.7,3.3,3.3,3.3,3.2,580.0,540.0,520.0,510.0,510.0,510.0,104.747661934,116.975116032,12.227454098,23.0,22600.0,57.504,252.412,53.19098683333333,-6.9899965,21.921,21.443"
"180,20190903,14011,541,518,26.0,16.2,3.3,3.3,3.3,3.2,580.0,540.0,520.0,510.0,510.0,510.0,102.296966242,119.415651521,17.118685279,26.0,20720.0,76.032,254.753,53.191001,-6.990207166666667,22.623,22.203"
"181,20190903,14012,268,245,24.0,22.5,3.3,3.3,3.3,3.2,580.0,540.0,520.0,510.0,510.0,510.0,105.564161886,116.975116032,11.410954146,24.0,9800.0,44.494,213.022,53.191115333333336,-6.990361333333333,21.339,21.281"
"182,20190903,14013,445,422,24.0,19.6,3.3,3.3,3.3,3.2,580.0,540.0,520.0,510.0,510.0,510.0,104.747661934,115.347201782,10.599539848,24.0,16880.0,52.35,241.315,53.1912925,-6.990253,21.176,21.038"
"183,20190903,14014,571,548,24.0,17.2,3.3,3.3,3.3,3.2,580.0,540.0,520.0,510.0,510.0,510.0,106.380464974,116.975116032,10.594651058,24.0,21920.0,56.601000000000006,246.331,53.191454,-6.990114666666667,21.245,20.879"
"184,20190903,14015,544,521,25.0,17.2,3.7,3.7,3.7,3.7,,,,,,,102.296966242,117.788804797,15.491838555,25.0,20840.0,46.115,224.425,53.19149083333333,-6.989910166666666,21.551,20.954"
"185,20190903,14016,611,588,25.0,18.0,3.7,3.7,3.7,3.7,,,,,,,103.114065598,112.089192269,8.975126671,25.0,23520.0,137.019,254.988,53.19159533333333,-6.989726166666666,24.176,23.339"
"186,20190904,15000,361,338,20.0,15.2,0.8,0.8,0.7,0.8,270.0,260.0,260.0,260.0,270.0,250.0,108.828207282,120.2288118,11.400604518,20.0,13520.0,61.674,235.928,53.20715583333333,-6.521164,15.247,14.353"
"187,20190904,15001,265,242,19.0,14.4,0.8,0.8,0.7,0.8,270.0,260.0,260.0,260.0,270.0,250.0,108.012486269,112.903970382,4.891484113,19.0,9680.0,43.254,206.955,53.2071045,-6.521229,15.928,15.372"
"188,20190904,15002,409,386,18.0,10.9,0.8,0.8,0.7,0.8,270.0,260.0,260.0,260.0,270.0,250.0,119.415651521,119.415651521,0.0,18.0,15440.0,58.729,243.472,53.207085,-6.521315666666666,15.389,15.564"
"189,20190904,15003,259,236,24.0,18.5,0.8,0.8,0.7,0.8,270.0,260.0,260.0,260.0,270.0,250.0,96.5715040278,110.459076908,13.8875728802,24.0,9440.0,64.737,207.933,53.20719666666667,-6.5212951666666665,14.505,15.786"
"190,20190904,15004,325,302,24.0,20.0,0.8,0.8,0.7,0.8,270.0,260.0,260.0,260.0,270.0,250.0,106.380464974,112.089192269,5.708727295,24.0,12080.0,28.563,119.222,53.2072415,-6.521259,12.799,14.500"
"191,20190910,16000,528,505,28.0,15.1,2.8,2.8,2.8,2.8,490.0,440.0,420.0,420.0,400.0,400.0,103.930963663,116.975116032,13.044152369,28.0,20200.0,18.216,61.406000000000006,53.190932333333336,-6.9919765,18.169,17.942"
"192,20190910,16001,464,441,21.0,15.9,2.8,2.8,2.8,2.8,490.0,440.0,420.0,420.0,400.0,400.0,109.643737044,119.415651521,9.771914477,21.0,17640.0,41.28,172.44299999999998,53.19081716666667,-6.9919525,18.802,18.698"
"193,20190910,16002,576,553,23.0,14.1,2.8,2.8,2.8,2.8,490.0,440.0,420.0,420.0,400.0,400.0,103.930963663,116.16124876,12.230285097,23.0,22120.0,28.112,113.096,53.19073083333333,-6.9921145,18.515,19.190"
"194,20190910,16003,589,566,23.0,16.3,2.8,2.8,2.8,2.8,490.0,440.0,420.0,420.0,400.0,400.0,101.479664075,112.903970382,11.424306307,23.0,22640.0,22.125,88.229,53.19064183333333,-6.9920245,17.557,16.867"
"195,20190910,16004,512,489,25.0,14.0,2.8,2.8,2.8,2.8,490.0,440.0,420.0,420.0,400.0,400.0,104.747661934,118.602316237,13.854654303,25.0,19560.0,20.193,83.23700000000001,53.19055866666667,-6.992190166666667,18.278,18.160"
"196,20190910,16005,520,497,23.0,18.7,2.3,2.3,2.3,2.3,420.0,420.0,420.0,420.0,420.0,390.0,103.114065598,117.788804797,14.674739199,23.0,19880.0,26.544,97.769,53.19052633333333,-6.992456166666667,18.039,18.746"
"197,20190910,16006,434,411,22.0,14.7,2.3,2.3,2.3,2.3,420.0,420.0,420.0,420.0,420.0,390.0,103.114065598,116.975116032,13.861050434,22.0,16440.0,32.361999999999995,118.384,53.1903625,-6.992481333333333,18.627,18.354"
"198,20190910,16007,519,496,27.0,15.0,2.3,2.3,2.3,2.3,420.0,420.0,420.0,420.0,420.0,390.0,103.930963663,117.788804797,13.857841134,27.0,19840.0,24.596,99.346,53.1903205,-6.9927125,17.929,17.192"
"199,20190910,16008,600,577,24.0,14.3,2.3,2.3,2.3,2.3,420.0,420.0,420.0,420.0,420.0,390.0,103.930963663,113.718563832,9.787600169,24.0,23080.0,34.506,139.745,53.190458,-6.992682833333333,18.807,18.085"
"200,20190910,16009,425,402,20.0,16.3,2.3,2.3,2.3,2.3,420.0,420.0,420.0,420.0,420.0,390.0,108.012486269,118.602316237,10.589829968,20.0,16080.0,23.154,92.727,53.190611,-6.992636,17.831,16.946"
"201,20190910,16010,502,479,23.0,16.8,2.3,2.2,2.2,2.2,350.0,350.0,340.0,330.0,320.0,330.0,103.930963663,115.347201782,11.416238119,23.0,19160.0,18.673,76.789,53.190529833333336,-6.992908,17.951,16.616"
"202,20190910,16011,374,351,24.0,15.1,2.3,2.2,2.2,2.2,350.0,350.0,340.0,330.0,320.0,330.0,104.747661934,116.975116032,12.227454098,24.0,14040.0,25.288,110.175,53.190597833333335,-6.993130333333333,16.735,15.618"
"203,20190910,16012,496,473,25.0,13.8,2.3,2.2,2.2,2.2,350.0,350.0,340.0,330.0,320.0,330.0,104.747661934,115.347201782,10.599539848,25.0,18920.0,22.327,106.754,53.1907485,-6.993183666666667,16.907,15.706"
"204,20190910,16013,462,439,25.0,15.3,2.3,2.2,2.2,2.2,350.0,350.0,340.0,330.0,320.0,330.0,103.114065598,116.16124876,13.047183162,25.0,17560.0,31.08,139.201,53.190884,-6.9929395,17.447,16.269"
"205,20190910,16014,385,362,31.0,15.4,2.3,2.2,2.2,2.2,350.0,350.0,340.0,330.0,320.0,330.0,99.8444451165,116.16124876,16.3168036435,31.0,14480.0,28.212,151.582,53.190921,-6.9927071666666665,17.478,17.037"
"206,20190910,16015,564,541,21.0,15.0,2.6,2.5,2.7,2.7,430.0,430.0,430.0,430.0,390.0,420.0,104.747661934,116.16124876,11.413586826,21.0,21640.0,32.93,146.74,53.19104766666667,-6.992471,17.197,16.609"
"207,20190910,16016,467,444,25.0,15.8,2.6,2.5,2.7,2.7,430.0,430.0,430.0,430.0,390.0,420.0,105.564161886,116.975116032,11.410954146,25.0,17760.0,28.243,133.936,53.19114366666667,-6.992538,16.864,16.501"
"208,20190910,16017,522,499,23.0,13.6,2.6,2.5,2.7,2.7,430.0,430.0,430.0,430.0,390.0,420.0,106.380464974,119.415651521,13.035186547,23.0,19960.0,23.173,106.672,53.191104333333335,-6.992227333333333,16.952,15.369"
"209,20190910,16018,531,508,24.0,15.6,2.6,2.5,2.7,2.7,430.0,430.0,430.0,430.0,390.0,420.0,103.930963663,115.347201782,11.416238119,24.0,20320.0,21.246,89.414,53.19094166666667,-6.9921205,16.970,15.508"
"210,20190910,16019,640,617,21.0,15.7,2.6,2.5,2.7,2.7,430.0,430.0,430.0,430.0,390.0,420.0,104.747661934,117.788804797,13.041142863,21.0,24680.0,17.221,68.637,53.191025,-6.991941166666667,16.272,15.817"
"211,20190918,17000,455,432,16.0,16.8,1.2,1.2,1.2,1.2,470.0,460.0,460.0,450.0,450.0,450.0,119.415651521,125.916127452,6.500475931,16.0,17280.0,28.256,135.27700000000002,53.2173935,-7.016922166666666,24.417,21.617"
"212,20190918,17001,539,516,19.0,14.6,1.2,1.2,1.2,1.2,470.0,460.0,460.0,450.0,450.0,450.0,108.828207282,107.19657263,-1.631634652,19.0,20640.0,29.061,131.898,53.217388666666665,-7.016630666666667,22.327,20.506"
"213,20190918,17002,473,450,17.0,17.3,1.2,1.2,1.2,1.2,470.0,460.0,460.0,450.0,450.0,450.0,115.347201782,121.854611886,6.507410104,17.0,18000.0,28.538,120.009,53.21747533333333,-7.016575166666667,24.312,24.448"
"214,20190918,17003,528,505,20.0,17.4,1.2,1.2,1.2,1.2,470.0,460.0,460.0,450.0,450.0,450.0,108.012486269,112.903970382,4.891484113,20.0,20200.0,33.209,138.36,53.217572,-7.016469833333334,22.782,24.137"
"215,20190918,17004,527,504,17.0,17.3,1.2,1.2,1.2,1.2,470.0,460.0,460.0,450.0,450.0,450.0,120.2288118,121.854611886,1.625800086,17.0,20160.0,26.246,109.187,53.217582,-7.016174333333334,23.213,21.495"
"216,20190918,17005,456,433,17.0,18.2,2.1,2.2,2.2,2.2,340.0,330.0,330.0,330.0,330.0,330.0,111.274228211,116.16124876,4.887020549,17.0,17320.0,33.997,121.741,53.217932,-7.016206,23.021,26.314"
"217,20190918,17006,544,521,19.0,18.2,2.1,2.2,2.2,2.2,340.0,330.0,330.0,330.0,330.0,330.0,112.089192269,120.2288118,8.139619531,19.0,20840.0,29.454,116.732,53.218172333333335,-7.0163865,21.905,23.226"
"218,20190918,17007,565,542,20.0,20.8,2.1,2.2,2.2,2.2,340.0,330.0,330.0,330.0,330.0,330.0,108.012486269,117.788804797,9.776318528,20.0,21680.0,32.07,127.223,53.21839166666667,-7.0165145,22.591,20.228"
"219,20190918,17008,331,308,19.0,21.6,2.1,2.2,2.2,2.2,340.0,330.0,330.0,330.0,330.0,330.0,108.828207282,118.602316237,9.774108955,19.0,12320.0,32.975,115.878,53.21859883333333,-7.016643833333333,24.123,23.391"
"220,20190918,17009,295,272,20.0,21.6,2.1,2.2,2.2,2.2,340.0,330.0,330.0,330.0,330.0,330.0,109.643737044,120.2288118,10.585074756,20.0,10880.0,33.958,110.861,53.2186285,-7.016956166666667,25.228,23.764"
"221,20190918,17010,353,330,16.0,20.6,2.6,2.6,2.6,2.5,,,,,,,113.718563832,118.602316237,4.883752405,16.0,13200.0,28.27,101.597,53.218546,-7.017118666666667,26.240,24.417"
"222,20190918,17011,371,348,20.0,20.1,2.6,2.6,2.6,2.5,,,,,,,109.643737044,120.2288118,10.585074756,20.0,13920.0,29.75,110.572,53.21842316666667,-7.0174156666666665,25.488,24.518"
"223,20190919,18000,258,235,17.0,22.8,2.3,2.2,2.1,2.1,400.0,300.0,270.0,260.0,240.0,250.0,112.089192269,118.602316237,6.513123968,17.0,9400.0,25.204,106.505,53.1905645,-6.5114228333333335,25.567,26.303"
"224,20190919,18001,308,285,17.0,21.5,2.3,2.2,2.1,2.1,400.0,300.0,270.0,260.0,240.0,250.0,108.828207282,119.415651521,10.587444239,17.0,11400.0,24.144,118.731,53.190405166666665,-6.5115085,23.966,23.425"
"225,20190919,18002,267,244,20.0,25.8,2.3,2.2,2.1,2.1,400.0,300.0,270.0,260.0,240.0,250.0,104.747661934,115.347201782,10.599539848,20.0,9760.0,23.573,120.551,53.19047466666667,-6.511219333333333,22.078,21.505"
"226,20190919,18003,257,234,17.0,22.0,2.3,2.2,2.1,2.1,400.0,300.0,270.0,260.0,240.0,250.0,115.347201782,121.041798214,5.694596432,17.0,9360.0,27.628,121.205,53.19036,-6.511313666666666,25.013,23.867"
"227,20190919,18004,460,437,20.0,21.1,2.3,2.2,2.1,2.1,400.0,300.0,270.0,260.0,240.0,250.0,108.828207282,115.347201782,6.5189945,20.0,17480.0,26.609,134.748,53.19039816666667,-6.511037,24.959,25.329"
"228,20190919,18005,233,210,20.0,22.9,2.3,2.2,2.0,2.1,310.0,320.0,320.0,310.0,310.0,290.0,108.012486269,119.415651521,11.403165252,20.0,8400.0,24.784,119.034,53.190109666666665,-6.511448666666666,24.158,21.229"
"229,20190919,18006,322,299,21.0,26.2,2.3,2.2,2.0,2.1,310.0,320.0,320.0,310.0,310.0,290.0,109.643737044,116.975116032,7.331378988,21.0,11960.0,28.663,125.66,53.19008816666667,-6.511730333333333,25.597,26.447"
"230,20190919,18007,207,184,18.0,25.7,2.3,2.2,2.0,2.1,310.0,320.0,320.0,310.0,310.0,290.0,113.718563832,120.2288118,6.510247968,18.0,7360.0,22.376,111.153,53.19015916666667,-6.5119983333333336,25.212,23.835"
"231,20190919,18008,303,280,21.0,18.0,2.3,2.2,2.0,2.1,310.0,320.0,320.0,310.0,310.0,290.0,106.380464974,115.347201782,8.966736808,21.0,11200.0,27.67,137.001,53.19027283333333,-6.511908333333333,25.025,23.873"
"232,20190919,18009,270,247,20.0,21.4,2.3,2.2,2.0,2.1,310.0,320.0,320.0,310.0,310.0,290.0,108.828207282,117.788804797,8.960597515,20.0,9880.0,23.215,118.282,53.19017183333333,-6.512183833333333,25.328,25.062"
"233,20190919,18010,358,335,22.0,19.5,2.8,2.7,2.7,2.6,560.0,610.0,610.0,600.0,580.0,560.0,108.828207282,115.347201782,6.5189945,22.0,13400.0,31.876,135.475,53.19014783333333,-6.510803,23.170,24.653"
"234,20190919,18011,434,411,20.0,22.6,2.8,2.7,2.7,2.6,560.0,610.0,610.0,600.0,580.0,560.0,112.089192269,119.415651521,7.326459252,20.0,16440.0,29.916,134.286,53.19026266666667,-6.510555666666667,22.719,26.843"
"235,20190919,18012,277,254,22.0,23.5,2.8,2.7,2.7,2.6,560.0,610.0,610.0,600.0,580.0,560.0,104.747661934,119.415651521,14.667989587,22.0,10160.0,21.856,126.269,53.19034966666667,-6.510224833333333,25.231,22.570"
"236,20190919,18013,318,295,20.0,22.5,2.8,2.7,2.7,2.6,560.0,610.0,610.0,600.0,580.0,560.0,106.380464974,116.16124876,9.780783786,20.0,11800.0,24.237,111.166,53.190188166666665,-6.510203166666667,24.113,21.177"
"237,20190919,18014,276,253,20.0,25.0,2.8,2.7,2.7,2.6,560.0,610.0,610.0,600.0,580.0,560.0,110.459076908,118.602316237,8.143239329,20.0,10120.0,33.323,111.949,53.189979,-6.5102218333333335,26.624,24.174"
"238,20190919,18015,361,338,17.0,22.6,,,,,,,,,,,109.643737044,116.975116032,7.331378988,17.0,13520.0,30.618,115.71,53.18999483333333,-6.509878666666666,24.476,25.163"
"239,20190919,18016,277,254,17.0,22.8,,,,,,,,,,,110.459076908,117.788804797,7.329727889,17.0,10160.0,36.063,108.84,53.1898245,-6.5099875,23.638,25.846"
"240,20190919,19000,367,344,22.0,,1.4,1.3,1.4,1.3,300.0,320.0,340.0,340.0,350.0,360.0,109.643737,118.6023162,8.9585792,22.0,13760.0,16.458,64.837,,,,"
"241,20190919,19001,252,229,15.0,,1.4,1.3,1.4,1.3,300.0,320.0,340.0,340.0,350.0,360.0,111.2742282,118.6023162,7.328088,15.0,9160.0,13.952,52.813,,,,"
"242,20190919,19002,303,280,19.0,,1.4,1.3,1.4,1.3,300.0,320.0,340.0,340.0,350.0,360.0,108.8282073,117.7888048,8.9605975,19.0,11200.0,12.213,35.662,,,,"
"243,20190919,19003,282,259,19.0,,1.4,1.3,1.4,1.3,300.0,320.0,340.0,340.0,350.0,360.0,109.643737,121.8546119,12.2108749,19.0,10360.0,10.607,33.759,,,,"
"244,20190919,19004,291,268,20.0,,1.4,1.3,1.4,1.3,300.0,320.0,340.0,340.0,350.0,360.0,115.3472018,121.8546119,6.5074101,20.0,10720.0,15.056,61.656000000000006,,,,"
"245,20190919,19005,288,265,22.0,,1.1,1.1,1.0,1.2,160.0,160.0,160.0,180.0,,,113.7185638,123.4797254,9.7611616,22.0,10600.0,23.858,110.929,,,,"
"246,20190919,19006,255,232,16.0,,1.1,1.1,1.0,1.2,160.0,160.0,160.0,180.0,,,110.4590769,118.6023162,8.1432393,16.0,9280.0,19.512,91.926,,,,"
"247,20191009,20000,73,50,7.0,21.2,1.0,1.0,1.0,0.9,160.0,160.0,170.0,180.0,180.0,180.0,117.7888048,118.6023162,0.8135114,7.0,2000.0,15.393,42.122,,,,"
"248,20191009,20001,268,245,10.0,18.9,1.0,1.0,1.0,0.9,160.0,160.0,170.0,180.0,180.0,180.0,112.0891923,121.8546119,9.7654196,10.0,9800.0,18.038,65.411,,,,"
"249,20191009,20002,226,203,10.0,18.7,1.0,1.0,1.0,0.9,160.0,160.0,170.0,180.0,180.0,180.0,121.0417982,122.6672539,1.6254557,10.0,8120.0,17.66,103.418,,,,"
"250,20191009,20003,232,209,10.0,17.9,1.0,1.0,1.0,0.9,160.0,160.0,170.0,180.0,180.0,180.0,112.0891923,118.6023162,6.5131239,10.0,8360.0,39.81,188.66,,,,"
"251,20191009,20004,330,307,13.0,14.1,1.0,1.0,1.0,0.9,160.0,160.0,170.0,180.0,180.0,180.0,115.3472018,120.2288118,4.88161,13.0,12280.0,36.82,171.048,,,,"
"252,20191009,20005,75,52,5.0,24.0,1.1,1.1,1.0,1.0,130.0,130.0,130.0,130.0,130.0,130.0,119.4156515,119.4156515,0.0,5.0,2080.0,47.645,190.217,,,,"
"253,20191009,20006,250,227,12.0,15.0,1.1,1.1,1.0,1.0,130.0,130.0,130.0,130.0,130.0,130.0,115.3472018,118.6023162,3.2551144,12.0,9080.0,37.492,186.238,,,,"
"254,20191009,20007,130,107,9.0,20.2,1.1,1.1,1.0,1.0,130.0,130.0,130.0,130.0,130.0,130.0,115.3472018,118.6023162,3.2551144,9.0,4280.0,34.587,174.685,,,,"
"255,20191009,20008,105,82,7.0,26.2,1.1,1.1,1.0,1.0,130.0,130.0,130.0,130.0,130.0,130.0,117.7888048,120.2288118,2.440007,7.0,3280.0,35.477,146.986,,,,"
"256,20191009,20009,183,160,9.0,24.1,1.1,1.1,1.0,1.0,130.0,130.0,130.0,130.0,130.0,130.0,116.975116,118.6023162,1.6272002,9.0,6400.0,40.889,157.56,,,,"
"257,20191009,20010,120,97,8.0,27.5,,,,,,,,,,,116.1612488,117.7888048,1.627556,8.0,3880.0,17.359,43.534,,,,"
"258,20191022,21000,124,101,15.0,23.6,2.6,2.6,2.4,2.5,570.0,560.0,570.0,550.0,540.0,510.0,121.854611886,124.29202747,2.437415584,15.0,4040.0,58.851000000000006,205.38,52.712372,-7.0262475,,"
"259,20191022,21001,125,102,11.0,19.2,2.6,2.6,2.4,2.5,570.0,560.0,570.0,550.0,540.0,510.0,116.975116032,120.2288118,3.253695768,11.0,4080.0,62.12,224.706,52.7124415,-7.026087833333333,,"
"260,20191022,21002,268,245,21.0,17.6,2.6,2.6,2.4,2.5,570.0,560.0,570.0,550.0,540.0,510.0,106.380464974,116.16124876,9.780783786,21.0,9800.0,78.956,252.384,52.7124175,-7.025925,,"
"261,20191022,21003,286,263,19.0,17.7,2.6,2.6,2.4,2.5,570.0,560.0,570.0,550.0,540.0,510.0,107.19657263,115.347201782,8.150629152,19.0,10520.0,85.314,252.641,52.7123975,-7.025747166666667,,"
"262,20191022,21004,235,212,20.0,18.6,2.6,2.6,2.4,2.5,570.0,560.0,570.0,550.0,540.0,510.0,111.274228211,116.975116032,5.700887821,20.0,8480.0,76.608,247.331,52.71237633333333,-7.0256635,,"
"263,20191022,21005,335,312,25.0,17.2,2.3,2.3,2.3,2.1,500.0,500.0,510.0,500.0,500.0,490.0,108.828207282,116.16124876,7.333041478,25.0,12480.0,52.761,241.57,52.7123645,-7.025578833333333,,"
"264,20191022,21006,159,136,13.0,17.7,2.3,2.3,2.3,2.1,500.0,500.0,510.0,500.0,500.0,490.0,109.643737044,112.089192269,2.445455225,13.0,5440.0,72.89699999999999,235.177,52.71232283333333,-7.025440666666666,,"
"265,20191022,21007,216,193,19.0,18.1,2.3,2.3,2.3,2.1,500.0,500.0,510.0,500.0,500.0,490.0,113.718563832,118.602316237,4.883752405,19.0,7720.0,47.531000000000006,229.28,52.7123195,-7.025307166666667,,"
"266,20191022,21008,174,151,20.0,19.6,2.3,2.3,2.3,2.1,500.0,500.0,510.0,500.0,500.0,490.0,116.975116032,121.854611886,4.879495854,20.0,6040.0,50.578,231.517,52.71230583333333,-7.025175666666667,,"
"267,20191022,21009,208,185,18.0,18.9,2.3,2.3,2.3,2.1,500.0,500.0,510.0,500.0,500.0,490.0,108.012486269,113.718563832,5.706077563,18.0,7400.0,56.962,241.652,52.71229816666666,-7.0251065,,"